Date,mu_log,sigma_log
2022-01-01,4.070535011231465,0.7290696523675663
2022-01-02,3.7041773640824203,0.5953164946103512
2022-01-03,3.7700796896700473,0.5935450410736995
2022-01-04,3.829283907325143,0.5969607399266048
2022-01-05,3.994103517204333,0.6292083915995238
2022-01-06,4.02632366807086,0.627999302343984
2022-01-07,3.909836685172613,0.6047554805955649
2022-01-08,3.9224365363704403,0.6398046060841015
2022-01-09,3.8617928097603174,0.605132591532823
2022-01-10,4.025966570453382,0.673673619117898
2022-01-11,4.049934209229447,0.6366396031219854
2022-01-12,4.144803357951373,0.647663402298608
2022-01-13,4.098455806580506,0.6419925719393406
2022-01-14,4.144219084303891,0.6583104317792994
2022-01-15,4.132312237898877,0.6757116035225448
2022-01-16,4.021110898753152,0.6801026017384382
2022-01-17,4.013577749461327,0.6281165623679544
2022-01-18,4.085454554098112,0.6418497860888395
2022-01-19,3.935257524220226,0.6802241554499044
2022-01-20,4.0438351333299085,0.6117394898887478
2022-01-21,4.1418495606554675,0.6464210348319949
2022-01-22,3.9769831816020536,0.6498964106807344
2022-01-23,4.049950584459861,0.6919557584610483
2022-01-24,4.099484052582427,0.7906960300132428
2022-01-25,4.1753980679407015,0.716493094515417
2022-01-26,4.053906970026927,0.6767094497748114
2022-01-27,3.857853774076961,0.6175506072830516
2022-01-28,3.936991961840046,0.6301909874287368
2022-01-29,3.9010281805500404,0.6134499975275017
2022-01-30,3.8609806115774545,0.5949374554679746
2022-02-22,3.8401902487539528,0.5716336592343273
2022-02-23,3.8038053136787604,0.6222689669780564
2022-02-24,3.8979142945155605,0.5952597644723144
2022-02-25,3.9084159915502106,0.6132498858817099
2022-02-26,4.19680581386002,0.6662293478053345
2022-02-27,4.126685008506829,0.627615605104899
2022-02-28,4.024483509059852,0.6832779802251927
2022-03-01,3.902892210898324,0.6231577743743009
2022-03-02,4.299781267607289,0.6995737466658971
2022-03-03,4.379259612195196,0.751219800283994
2022-03-04,3.841985594889012,0.6318702571087925
2022-03-05,3.8700145100328,0.6060947507714327
2022-03-06,3.942696739903645,0.6444210426856408
2022-03-07,4.014526047178738,0.648879786574049
2022-03-08,4.3194336248691005,0.7330517798186983
2022-03-09,4.12345635710386,0.7386818976911484
2022-03-10,4.092716985097311,0.6902485625021987
2022-03-11,4.179441914784444,0.7400443383480232
2022-03-12,3.893471955590453,0.6734703741516506
2022-03-13,3.962681057081148,0.6655388535248136
2022-03-14,3.7620064979666044,0.5915867691033557
2022-03-15,3.969622205451669,0.6104957369765381
2022-03-16,4.151972238218358,0.7203384757734747
2022-03-17,3.801457626308843,0.6015640789470008
2022-03-18,3.9675404178240923,0.652346765325579
2022-03-19,4.1308324360289586,0.6590365719536426
2022-03-20,4.373482380269662,0.7428859939645018
2022-03-21,4.270965035250849,0.7549141484653669
2022-03-22,4.298992392587242,0.7466445443060978
2022-03-23,4.198719700957753,0.7058209660951965
2022-03-24,4.170199546406535,0.7127496311624728
2022-03-25,4.078048434942176,0.6604325016329714
2022-03-26,4.136951004341809,0.66153984088532
2022-03-27,4.0142560932102,0.6509839414548887
2022-03-28,4.080819907287353,0.7116056849677369
2022-03-29,4.200457297629668,0.697603902833191
2022-03-30,4.028319811902544,0.7234292232198584
2022-03-31,3.834249220341308,0.6407453188108988
2022-04-01,3.87587061156427,0.6061116094248904
2022-04-02,4.027687040822957,0.6113532469696472
2022-04-03,4.061787536599681,0.6180344825196579
2022-04-04,3.802771164054117,0.6893040391860029
2022-04-05,3.8419228665163336,0.6409917626749996
2022-04-06,3.8813496550704354,0.626275071579498
2022-04-07,3.829903022570691,0.5990369234284534
2022-04-08,3.8970483623774186,0.5893492097441931
2022-04-09,3.938251342578839,0.6024548462936475
2022-04-10,4.0086342277646425,0.5730328477000561
2022-04-11,4.162968973055486,0.655123675910099
2022-04-12,4.212251162822213,0.7052170165214308
2022-04-13,4.060391064829637,0.6898250195726936
2022-04-14,3.971477710973367,0.6435865652347375
2022-04-15,4.050201016030327,0.6558797657404529
2022-04-16,4.230165786468809,0.6859394623401867
2022-04-17,4.17976829852856,0.6407445692431227
2022-04-18,3.714544767936424,0.6097968308432341
2022-04-19,3.9834102920418886,0.5820129418766599
2022-04-20,4.044245813726785,0.6528000982595082
2022-04-21,4.190562981017733,0.6839109139325377
2022-04-22,4.2607576919055274,0.644580201367672
2022-04-23,4.26702097109767,0.7078828537709178
2022-04-24,4.167893878574735,0.6236024401786501
2022-04-25,4.130488091841707,0.6530413791608858
2022-04-26,4.068773710284863,0.6618571472920693
2022-04-27,3.955723904541696,0.6899421799147323
2022-04-28,4.101156103174085,0.723949941631796
2022-04-29,4.060144932536135,0.6316456062113375
2022-04-30,4.101980012609756,0.6539900226643978
2022-05-01,4.1567599379483795,0.7429676039323795
2022-05-02,4.179186277063373,0.7451629688255625
2022-05-03,3.997217131342572,0.7095823311231279
2022-05-04,3.7749246928463758,0.6124912303477351
2022-05-05,3.8222593174426063,0.5810673340805276
2022-05-06,3.8085589969848743,0.6143629590459727
2022-05-07,3.9593799451534335,0.6589697654644812
2022-05-08,4.089021703981099,0.6141785873440073
2022-05-09,4.073792510633429,0.6187086477942217
2022-05-10,3.8056878025571192,0.6176022858570251
2022-05-11,3.7238235196865723,0.5742529536830876
2022-05-12,3.7899339788758697,0.5879418129641035
2022-05-13,3.967708793719215,0.6867098618673765
2022-05-14,3.8367795730292884,0.5885249706433091
2022-05-15,4.132628773675366,0.6325119421392339
2022-05-16,3.874216180077862,0.6803596001910851
2022-05-17,3.8205079682654546,0.5792767295488247
2022-05-18,3.705087934661853,0.6207956173583308
2022-05-19,3.668671342368038,0.5076727039412157
2022-05-20,3.8029531661666645,0.5642491432087281
2022-05-21,3.720087101167869,0.5799261560804206
2022-05-22,3.765395282775613,0.6395643694319308
2022-05-23,3.6366823525439003,0.544764738185119
2022-05-24,3.6929012450440313,0.5275823736591672
2022-05-25,3.5678411302879374,0.4652794731961351
2022-05-26,3.600735381924555,0.5281020794821712
2022-05-27,3.646832156310829,0.6205831293025195
2022-05-28,3.7048738802648726,0.5500045426866007
2022-05-29,3.7409343023198027,0.5779495123538253
2022-05-30,3.7955204872009802,0.5908545408424766
2022-05-31,3.8494315580317613,0.5962277155699272
2022-06-01,3.935320206262187,0.6077077613270188
2022-06-02,4.142357934092909,0.6974085568622822
2022-06-03,4.169545855800324,0.7159573198384794
2022-06-04,4.374553043104925,0.7962359483625832
2022-06-05,4.183514506083651,0.7891830081436342
2022-06-06,4.023268062668687,0.7233373401233781
2022-06-07,4.106633174288915,0.7002393959579472
2022-06-08,3.6501132443497584,0.6017043539795004
2022-06-09,3.7894496760129357,0.620703331952628
2022-06-10,3.6811118792341553,0.6370854882503704
2022-06-11,3.814521087336901,0.6704467457721109
2022-06-12,3.7091227516739944,0.6645791941640001
2022-06-13,3.721041914638219,0.5988328812563762
2022-06-14,3.84349096002614,0.5926697185696571
2022-06-15,4.028957411089226,0.6151227019879241
2022-06-16,3.9251654724134046,0.5819974313088375
2022-06-17,4.022291842406415,0.6872808992204342
2022-06-18,3.752219089767236,0.6109533143716744
2022-06-19,3.8344725406660807,0.5782838343005818
2022-06-20,3.8719876171127807,0.5750380458117785
2022-06-21,3.972203345501676,0.596085358631269
2022-06-22,3.7100263407795264,0.5504124659234276
2022-06-23,3.991987458838744,0.6106176155998783
2022-06-24,4.179621887010421,0.7420680817787796
2022-06-25,3.7958702504627766,0.6225132679132032
2022-06-26,3.8392115170927896,0.6462681771860984
2022-06-27,3.6980927248147846,0.6015370420691928
2022-06-28,3.940869094644752,0.6977070884698234
2022-06-29,3.747702130830123,0.6136590668237631
2022-06-30,3.7605643339311308,0.5951658607329259
2022-07-01,3.793983494201256,0.6255842125704735
2022-07-02,3.6272709160330274,0.60408041403099
2022-07-03,3.7349430010584865,0.5520972271119841
2022-07-04,3.674697486937735,0.5523048493613929
2022-07-05,3.702069447392372,0.587526992928358
2022-07-06,3.669584627887252,0.5697370948389455
2022-07-07,3.8185951267928844,0.6374565648485747
2022-07-08,3.8328899612643625,0.6379849983026973
2022-07-09,3.623710314268856,0.5787957669978374
2022-07-10,3.6757377610401303,0.46627974631454144
2022-07-11,3.9305211599065433,0.6205029912104684
2022-07-12,3.8465755891146354,0.7313797612749707
2022-07-13,3.6682122376210446,0.6321624292555273
2022-07-14,3.73495283579766,0.5547653637203017
2022-07-15,3.6680428462270873,0.562086906507912
2022-07-16,3.6963279689002926,0.6004339778699499
2022-07-17,4.05320725471188,0.6623231111038155
2022-07-18,3.9684386192584236,0.6741790615260357
2022-07-19,4.16252424158761,0.7369545827366412
2022-07-20,3.6229679495140457,0.6959972821833023
2022-07-21,3.769859271477432,0.6804042459102437
2022-07-22,3.7515327143530786,0.6613153308338011
2022-07-23,3.866493891094573,0.695171990645742
2022-07-24,3.3930836016545203,0.6599979922744303
2022-07-25,3.579586248666695,0.6610154035846877
2022-07-26,3.5874754349806324,0.5639334878501591
2022-07-27,3.884784831394047,0.6105301223905543
2022-07-28,3.886314940903523,0.6199245957526722
2022-07-29,3.9577138332915642,0.6363023670990875
2022-07-30,3.6303168618093697,0.6713743782566807
2022-07-31,3.547565344091818,0.5494720199585237
2022-08-01,3.787085714165045,0.5895722316691092
2022-08-02,3.3670293492686247,0.5264493560198319
2022-08-03,3.6816860001346954,0.6616547696168027
2022-08-04,3.648348124426946,0.5710410720620682
2022-08-05,3.713151189047391,0.6163375659773755
2022-08-06,3.834564424680345,0.6010986639918784
2022-08-07,3.820067265538131,0.6140377526747116
2022-08-08,3.834839223042246,0.6471629079338826
2022-08-09,3.8841872038738225,0.5766169353546364
2022-08-10,4.034783286472272,0.6725735419253314
2022-08-11,4.104316550199271,0.665696379853518
2022-08-12,3.9797795857295006,0.6713493228023084
2022-08-13,4.01655703261808,0.697687267481051
2022-08-14,4.31174317801806,0.6829710309237271
2022-08-15,4.099968511439853,0.7811438256595441
2022-08-16,4.001910626310893,0.8212387151689823
2022-08-17,3.4277396853526994,0.5521576634225622
2022-08-18,3.686887514119589,0.6650723574959774
2022-08-19,3.5634484496113994,0.583839308463297
2022-08-20,3.7811774924140513,0.7245200296070875
2022-08-21,3.6063043185172274,0.5646528701238507
2022-08-22,3.8036555706574626,0.6125352584057626
2022-08-23,3.599886586200697,0.6497871276864836
2022-08-24,3.6862169391651425,0.6038848384199382
2022-08-25,3.8583945921190104,0.5956489818728391
2022-08-26,3.9350342510530725,0.6233695220309459
2022-08-27,4.086206461069812,0.6635994611098639
2022-08-28,3.9392993366587015,0.6799940577102039
2022-08-29,3.8868339194458605,0.7130568485022315
2022-08-30,3.6019953706857493,0.6195700168224861
2022-08-31,3.8593321492059784,0.7211196706787879
2022-09-01,4.094440107843299,0.7243608978219835
2022-09-02,4.14214867576561,0.7048502129226768
2022-09-03,4.287364422186399,0.733441437538442
2022-09-04,4.093949490608215,0.7828356601565201
2022-09-05,3.72143733592378,0.6637611030264753
2022-09-06,3.714737457540333,0.6343603652839995
2022-09-07,3.7380264074843423,0.6422753952667427
2022-09-08,3.8523953153851944,0.6662902000897382
2022-09-09,3.834275709960194,0.6676741317603299
2022-09-10,3.7959247014321194,0.6542537730480994
2022-09-11,4.029345290699779,0.711643339362251
2022-09-12,3.6728773088004716,0.6612204646056019
2022-09-13,3.7843934884909385,0.5643399295923792
2022-09-14,3.7810701331496683,0.6164779257720072
2022-09-15,3.682563793622444,0.5698348426112232
2022-09-16,3.889740560506528,0.5695224591651658
2022-09-17,3.8845520960591204,0.5773483230701002
2022-09-18,3.730775666802445,0.6145323318363577
2022-09-19,3.8870280838758227,0.6345018173828194
2022-09-20,3.8286366843996915,0.6110308661264936
2022-09-21,3.9074712863847196,0.6911523577147326
2022-09-22,4.039914127292496,0.731493308433675
2022-09-23,3.8571002767972393,0.6419344183179183
2022-09-24,3.923210209258813,0.6147019969082407
2022-09-25,3.9823021277673685,0.6042043886406058
2022-09-26,3.7568718657392624,0.6143938613577973
2022-09-27,3.873994496143359,0.6079845891847722
2022-09-28,3.907566989985246,0.5868414621686623
2022-09-29,3.8977332456161347,0.6479322699783432
2022-09-30,3.875765525641861,0.6320754008360405
2022-10-01,3.776256476019402,0.5846238655172935
2022-10-02,3.844310423672162,0.5934355074767268
2022-10-03,3.9042677289145393,0.5958899809431527
2022-10-04,3.7960703438882897,0.6999940550858745
2022-10-06,3.8439551777063548,0.6863926186129131
2022-10-07,3.7473016237943795,0.6071269710572346
2022-10-08,3.90135687897488,0.6159530427600136
2022-10-09,3.9832059350141096,0.6075401212109435
2022-10-10,3.760993030878793,0.6019146726486289
2022-10-11,3.8304858526883505,0.5946710710787744
2022-10-12,3.92707342090261,0.6505430155447725
2022-10-13,3.8625545782473294,0.6486591643582309
2022-10-14,3.78715446172522,0.6428125052757396
2022-10-15,3.726450975774254,0.6280765495576733
2022-10-16,3.6735247843348797,0.5701928977127169
2022-10-17,3.6357321915316514,0.5986807086761958
2022-10-18,3.8738178039331785,0.6056232761439821
2022-10-19,3.9608301325069433,0.6930227384756561
2022-10-20,3.9262507289445017,0.6835586342813436
2022-10-21,3.8089375633344336,0.6618729230152625
2022-10-22,3.587488811720696,0.6223985439863043
2022-10-23,3.9266784147021996,0.6681862633233173
2022-10-24,3.705042960528499,0.6612042273903163
2022-10-25,3.7029841510301207,0.6388382244446092
2022-10-26,3.672518608073275,0.6604002118691223
2022-10-27,3.814483089441425,0.6765108264873381
2022-10-28,3.687920755998196,0.6557461331217304
2022-10-29,3.866478384106692,0.6686717439452969
2022-10-30,3.6563958773744063,0.6567553318243945
2022-10-31,3.7992538124337982,0.6645958996953354
2022-11-01,3.8036582935291325,0.6391714615455567
2022-11-02,3.7757368840721415,0.6203051290411132
2022-11-03,3.859306451637876,0.6432210437251656
2022-11-04,4.035185537247642,0.6115373873279399
2022-11-05,4.217690812412213,0.6108343171640327
2022-11-06,4.215755677837592,0.6206644728320647
2022-11-07,3.87220437556125,0.6839957518817615
2022-11-08,3.7519757413367785,0.6490682119515696
2022-11-09,3.6630838158171843,0.5847163323513571
2022-11-10,3.5235799255686535,0.625914828016175
2022-11-11,3.631333236770276,0.6844171294748376
2022-11-12,4.102334186432472,0.7099197125147988
2022-11-13,4.2791238380196095,0.7098506729938814
2022-11-14,4.130709497131423,0.7373385878013348
2022-11-15,3.831603726714902,0.6290483309518047
2022-11-16,3.99152844606083,0.6724245039501958
2022-11-17,3.8780462042246415,0.6358501488665308
2022-11-18,3.785892623233607,0.6132463050022755
2022-11-19,3.90169813424052,0.6215478859915479
2022-11-20,3.9645034248744464,0.6192524218996723
2022-11-21,3.953349578807178,0.6045420754421339
2022-11-22,3.9482453166986065,0.6336803411756246
2022-11-23,3.8963692895113944,0.6529426844110693
2022-11-24,3.832364783351594,0.6127321729586652
2022-11-25,3.6854243926145753,0.571962742051446
2022-11-26,3.894195337640175,0.6467087555341549
2022-11-27,3.8853857223887824,0.6476187876560371
2022-11-28,4.056324855963766,0.6597949051061632
2022-11-29,4.257457044677495,0.662541942150902
2022-11-30,4.0760080568572,0.7229850227878319
2022-12-01,4.125361071519726,0.7556081261537092
2022-12-02,4.086304398858596,0.6520547628807146
2022-12-03,3.984696737982153,0.6823004693580865
2022-12-04,4.03142950840555,0.6908799644329895
2022-12-05,3.910304248956847,0.7102086759257398
2022-12-06,3.9623118635634516,0.6295404887161027
2022-12-07,4.158467897521278,0.6339023211771457
2022-12-08,4.286940909683972,0.634799463118685
2022-12-09,4.233395693840454,0.65428350703214
2022-12-10,4.110210405692072,0.6614274557900693
2022-12-11,4.191417489438627,0.6457098793191427
2022-12-12,4.158273200379555,0.6572109741632248
2022-12-13,4.1509511719029835,0.6775634914484004
2022-12-14,4.1748111603194555,0.6140422194898327
2022-12-15,4.317264293006566,0.6052563766274426
2022-12-16,4.243733755603872,0.6297478737886256
2022-12-17,4.221251448996636,0.696049057368825
2022-12-18,4.260759703056459,0.70332104094603
2022-12-19,3.725342692826749,0.6547667909801891
2022-12-20,3.6162901127694025,0.5796638164356055
2022-12-21,3.6777754037939823,0.6037181949202851
2022-12-22,3.944528604924451,0.6394646061063903
2022-12-23,3.960769263927156,0.677573014669654
2022-12-24,3.740036219450884,0.6353582589590069
2022-12-25,3.9428743909169617,0.6755223943290977
2022-12-26,3.8517080595096096,0.5850190919320366
2022-12-27,3.871966941432502,0.6257176082476591
2022-12-28,3.8053171392524505,0.6372854059365236
2022-12-29,3.7586186173935867,0.5864472146540138
2022-12-30,3.8907788106795183,0.6359044315399
2022-12-31,3.8757915712984485,0.6499212715877557
